circuit,d,n_bits,n_seeds,median_ratio,mean_oracle_max_error,mean_random_max_error,wins,ties,p_value_sign_test_one_sided,mean_oracle_wall_s,mean_random_wall_s
concrete_wdbc_lr,30,8,10,2.148844665122893,0.11695286844864791,0.05408840682050471,8,0,0.0546875,1.3743072459707038,1.2679773457581178
concrete_mnist_lr,64,8,10,2.2426809319339807,0.10739648042956138,0.053412680772416066,10,0,0.0009765625,1.6233173290733247,1.448288929159753
concrete_synth_d200_lr,200,8,10,1.241522983239601,0.03255215235388052,0.1250881420831244,7,0,0.171875,3.6362557207932698,2.8907046041917055
