circuit,d,n_w_bits,n_a_bits,hidden_size,n_seeds,median_ratio,mean_oracle_max_error,mean_random_max_error,wins,ties,p_value_sign_test_one_sided,mean_oracle_wall_s,mean_random_wall_s
concrete_wdbc_mlp,30,4,4,30,5,1.0036170211110331,0.9618171443231404,0.9466641248203814,3,0,0.5,46.95663428315893,43.25073255817406
concrete_mnist_mlp,64,4,4,64,5,0.9813249688423812,0.9601960933883674,0.9867224789704778,1,0,0.96875,81.34612213317305,72.08194206678309
concrete_wdbc_mlp_tight,30,4,4,30,5,1.0015899038104945,0.4996704977704212,0.49890412990935146,5,0,0.03125,43.374445624742656,37.577636716421694
concrete_mnist_mlp_tight,64,4,4,64,5,1.0000835971279693,0.3578358834318351,0.40941959765041247,3,0,0.5,45.03582732519135,40.127421266585586
