spearman,pearson,n_samples,cheap_mean,expensive_mean
0.9420394554042792,0.8061048993015029,60,3.3739024004233937,39.36264804857958
