circuit,component,n_seeds_with_cp,median_cp_index,iqr_cp_index,median_p,mean_rolling_corr_with_div,min_rolling_corr_with_div,verdict
circuit1_lr,noise_term,10,268.5,69.0,9.454269702438577e-43,0.10231657331965975,-0.40350762768206966,NO_SIGNAL
circuit1_lr,depth_term,10,259.0,106.0,3.368737486947407e-08,0.04726779967468949,-0.3921385561282405,NO_SIGNAL
circuit2_poly,noise_term,10,253.0,12.75,8.448752371413922e-80,0.17907663944321245,-0.2725304560510804,PHASE_SIGNAL
circuit2_poly,depth_term,10,253.5,35.0,9.316550982943479e-46,0.1180726170318959,-0.43580079441167363,PHASE_SIGNAL
circuit3_cheb,noise_term,10,262.0,14.25,3.498395301713593e-77,-0.06254558910785175,-0.742187757798817,PHASE_SIGNAL
circuit3_cheb,depth_term,10,266.5,47.0,2.8413324942748235e-25,-0.023134415029616377,-0.4605957739438629,PHASE_SIGNAL
