arm,poly_degree,scale_bits,bounds_lo,bounds_hi,poly_fit_error,N,seed,oracle_max_error,random_max_error,ratio_oracle_over_random,oracle_wins,z_at_oracle_worst,oracle_poly_error,oracle_ckks_error,oracle_total_error,random_poly_error,random_ckks_error,random_total_error,dominant,oracle_wall_clock_s
cheb15,15,30,-1.0,1.0,7.896417681596546e-05,32768,0,2593.8097581561597,3.7819210710994735,685.8444979133559,1,-5.054470935530611,0.0002751328804570805,40217.048400404565,40217.048675537444,2.2844926618637018e-05,8.777427845990065,8.777450690916684,CKKS,38.649065874982625
cheb15,15,30,-1.0,1.0,7.896417681596546e-05,32768,1,2369.975393783223,2005.9123019357032,1.1814950192469527,1,-4.436193730492019,1.2017509395789022e-05,4006.4524933844878,4006.4524813669786,2.405804719951901e-05,646.0237077955635,646.0237318536107,CKKS,39.1439317909535
cheb15,15,30,-1.0,1.0,7.896417681596546e-05,32768,2,13.172939110128302,606.4456088690999,0.02172155081589791,0,-3.5530790699766057,2.6169202118071777e-05,88.9686178962978,88.96859172709568,1.5797209333312523e-05,543.1026732620774,543.1026574648681,CKKS,40.08197033405304
cheb15,15,30,-1.0,1.0,7.896417681596546e-05,32768,3,33.89402190175813,2714.117098814332,0.012488047003043755,0,-3.250217313453668,3.072209927915126e-06,107.18717711623653,107.18718018844645,1.921217749349842e-05,1398.2277659391914,1398.227746727014,CKKS,38.23353812494315
cheb15,15,30,-1.0,1.0,7.896417681596546e-05,32768,4,58.87519358878047,3.752919926228261,15.687836337065388,1,3.827490819192624,4.778266258442798e-06,566.2583861822831,566.2583909605493,1.973699017943087e-05,1.1962462878680165,1.196226550877837,CKKS,38.50502554210834
