circuit,arm,scale_bits,n,mean_oracle_max_error,mean_ratio,wins,mean_poly_error,mean_ckks_error,poly_dominant_count,ckks_dominant_count
wdbc_d30,cheb15,30,10,1.0829825040242256,125.10483802663796,6,2.088795337057414e-05,2.4655703409377816,0,10
wdbc_d30,cheb15,40,10,4.384258799584595e-05,0.7411945994193936,1,3.1424396113688416e-05,1.8332927058817283e-05,9,1
wdbc_d30,ANOVA,all,20,0.5415131733061107,nan,-1,0.13022326489977698,2.6949660454253084,-1,-1
