circuit,d,witness_delta,L_p95,L_p99,L_max,rho_A,Q_plateau_frac,cliff_ratio,grad_norm_median,kappa_median,kappa_p90,n_pairs_used,n_basin_probe,n_kappas_used
LR_d8_mock,8,0.377911874026163,0.017245596032462413,0.026866473037074467,0.040432742870842274,0.38,0.0,1.291267097562205,0.12623498750441242,22.59965995979652,91.3269453527198,778,300,15
Poly_d6_mock,6,0.015694310771066533,0.0014171602259117357,0.0020672189888212506,0.003301068363207698,0.42333333333333334,0.0,1.1302842517638438,1.73815674596465,11.53730650377328,74.01818636170778,758,300,15
Cheb15_d10_plateau,10,0.00957416741902295,3.7836776338805695e-06,5.12035166994132e-06,0.00013307354511400682,0.4,0.04,133.36308689365777,7.516327980378165e-05,192035200.92194286,500921319.37924844,799,300,15
WDBC_d30_taylor3,30,3225.844870860482,50.05179248487796,65.25015598529086,77.73181420863442,0.8,0.0,1.4927715219835844,108.36059609559373,345684031999.88654,1578174574662.6963,790,300,15
