seed,max_error,wall_clock_s,n_trials
1,150.16171138121675,386.0164254170377,2000
2,115.74831720542811,464.5019766250625,2000
3,154.89971895779007,529.9814053750597,2000
