batch,d,batch_size,wall_packed_s,wall_unpacked_extrap_s,speedup,max_rel_err_packed,max_rel_err_unpacked,max_delta_packed,max_delta_unpacked,slot_leak_max_abs
0,64,128,0.04392874985933304,4.777434000745416,108.75415339711537,1.810530699652979e-05,1.2233598743130121e-05,68.00708895800472,4.417967064944489,1.127675952616869e-08
1,64,128,0.04355591698549688,4.5402533281594515,104.23964509049945,1.716659934461565e-05,9.243916142320785e-06,68.83558458981159,68.83558459121711,8.842844345657852e-09
2,64,128,0.038364583160728216,4.1560316644608974,108.32990539866483,1.8656897071256395e-05,1.297233233443773e-05,59.81730788659044,4.812397538363191,1.3683369548544988e-08
3,64,128,0.04649008298292756,4.9762716721743345,107.03942331102654,1.551208153589775e-05,1.130951338183765e-05,38.165904721468486,25.14950571072874,2.084771111299233e-08
4,64,128,0.030880791135132313,4.828927673399448,156.37318526809688,1.6360427921545393e-05,1.1515971745590017e-05,26.415504815930372,7.468136042907309,1.2873277999148058e-08
