arm,scale_bits,poly_degree,poly_fit_error,N,chain,n_seeds,median_oracle_max_error,median_random_max_error,median_oracle_over_random,oracle_wins,median_poly_error_at_worst,median_ckks_error_at_worst,seeds_poly_dominant,seeds_ckks_dominant,dominant_component
taylor3,30,3,1.8474738157423816,16384,60-30-30-30-30-60,5,40.45767108469129,34.370846582798706,1.7041539022550904,4,40.39466155662856,0.0637486641119196,5,0,POLY
taylor3,40,3,1.8474738157423816,16384,60-40-40-40-40-60,5,40.39531513430314,34.31734188461862,1.7046352964932108,4,40.39466155662856,0.0006521842627833507,5,0,POLY
cheb7,30,7,0.007283081035153948,16384,60-30-30-30-30-30-30-30-30-60,5,269.699526517417,247.23292381781914,1.0999899229239782,3,250.50290007307953,3.4875809256322015,5,0,POLY
cheb7,40,7,0.007283081035153948,32768,60-40-40-40-40-40-40-40-40-60,5,48.495050895031866,244.792357871253,0.13519120259209796,2,48.495949261697646,0.0035807240867029577,5,0,POLY
cheb15,30,15,7.896417681652057e-05,32768,60-30-30-30-30-30-30-30-30-30-30-30-30-30-30-30-30-60,10,381298978.0848748,2034050486.4020886,0.2971670511085565,3,36569.27332384097,249707598.42356473,0,10,CKKS
cheb15,40,15,7.896417681652057e-05,32768,60-40-40-40-40-40-40-40-40-40-40-40-40-40-40-40-40-60,10,3753729.2418259075,4366113.68510388,1.134710343877686,6,372275.1752963376,2533619.7794450535,0,10,CKKS
