setting,n_seeds,mean_oracle_max_error,std_oracle_max_error,mean_random_max_error,std_random_max_error,median_ratio,mean_ratio,wins_oracle_over_random,p_uncorrected_oracle_greater,mock_baseline_ratio,mock_baseline_wins
asymmetric,10,0.00011085148692409063,3.401859121612239e-05,1.36558722616531e-06,3.0975726159227795e-07,84.96246873765713,84.42581176434231,10,0.0009765625,1.27,8
matched,10,0.00011459906517110596,3.134012472912571e-05,8.754357216744779e-05,1.988724878777364e-05,1.3251772407318816,1.3505040044018835,6,0.0419921875,1.27,8
matched_warm,10,0.0001335598362699031,4.133986070431015e-05,8.750420301133488e-05,1.987385567984184e-05,1.3476840436736675,1.6462076336551887,8,0.013671875,1.27,8
