config,circuit,median_err,mean_err,fail_rate,ratio_vs_oracle,wins_vs_oracle
wdbc_oracle,wdbc_lr,1447.344151599084,1369.121488912982,1.0,-,-
wdbc_empirical,wdbc_lr,3310.9169884315115,2885.347366709622,1.0,2.292,8/10  (p=4.883e-03)
wdbc_hybrid,wdbc_lr,2392.4366194204413,2147.8317256247346,1.0,1.743,7/10  (p=6.543e-02)
wdbc_hybrid_eq,wdbc_lr,3310.9169884315115,3029.5843558933307,1.0,2.292,8/10  (p=3.906e-03)
oracle_only_a1,circuit1_lr,0.4888459714452002,0.4810049720515198,0.0,-,-
oracle_only_a1,circuit2_poly,0.01931789110211679,0.019405360301258077,0.0,-,-
oracle_only_a1,circuit3_cheb,0.10041124704916898,0.10041251197014138,0.0,-,-
